{
  "task_id": "18de5cfa-68e8-4903-8199-85a32c3e1f99",
  "prompt_id": "b9099f2c-645d-57e3-bd20-45f375a4f730",
  "category": "Code Creation | Code Modification",
  "prog_lang": "Java",
  "task_prompt": "Modify the game rules such that a player wins by making 4 in a row, but loses if they make a 3 in a row before doing so.",
  "language_requirement": "All rubric text must be in English.",
  "rubric": [
    {
      "id": "J1",
      "title": "Win condition changed to 4-in-a-row",
      "points": 1,
      "scoring": {
        "1": "Meets the requirement exactly and behavior is correct in gameplay/tests.",
        "0": "Missing/incorrect/ambiguous."
      },
      "evidence_to_check": [
        "Game declares the current player as winner when they make 4 in a row (horizontal, vertical, or diagonal) according to the existing board rules."
      ],
      "common_failures": [
        "Still uses 3-in-a-row or other count.",
        "Only checks one direction (e.g., horizontal only)."
      ]
    },
    {
      "id": "J2",
      "title": "Lose condition: making 3-in-a-row before making 4 causes an immediate loss",
      "points": 1,
      "scoring": {
        "1": "Meets the requirement exactly and behavior is correct in gameplay/tests.",
        "0": "Missing/incorrect/ambiguous."
      },
      "evidence_to_check": [
        "If a player creates a 3-in-a-row and does NOT simultaneously create a 4-in-a-row, they lose immediately and the game ends."
      ],
      "common_failures": [
        "Loss triggers on opponent's 3-in-a-row instead of current player.",
        "Loss triggers even when 4-in-a-row is also created."
      ]
    },
    {
      "id": "J3",
      "title": "Priority rule is unambiguous and correct",
      "points": 1,
      "scoring": {
        "1": "Meets the requirement exactly and behavior is correct in gameplay/tests.",
        "0": "Missing/incorrect/ambiguous."
      },
      "evidence_to_check": [
        "If a move creates 4-in-a-row (even though it contains 3-in-a-row), the player wins, not loses.",
        "If a move creates multiple 3-in-a-rows but no 4-in-a-row, the player loses."
      ],
      "common_failures": [
        "Treats any 3-in-a-row as loss even when 4 exists.",
        "Ambiguous behavior depending on direction/order of checks."
      ]
    },
    {
      "id": "J4",
      "title": "All directions and overlaps handled correctly",
      "points": 1,
      "scoring": {
        "1": "Meets the requirement exactly and behavior is correct in gameplay/tests.",
        "0": "Missing/incorrect/ambiguous."
      },
      "evidence_to_check": [
        "Detection works for horizontal/vertical/both diagonals.",
        "Overlapping sequences handled (e.g., 5-in-a-row still counts as 4-in-a-row win)."
      ],
      "common_failures": [
        "Diagonal detection missing.",
        "Off-by-one errors at edges."
      ]
    },
    {
      "id": "J5",
      "title": "Game loop ends correctly on win/loss",
      "points": 1,
      "scoring": {
        "1": "Meets the requirement exactly and behavior is correct in gameplay/tests.",
        "0": "Missing/incorrect/ambiguous."
      },
      "evidence_to_check": [
        "After win or loss is detected, the game stops accepting further moves and the result is reported via the existing UI/CLI mechanism."
      ],
      "common_failures": [
        "Allows extra moves after end.",
        "Crashes or hangs on end-state."
      ]
    },
    {
      "id": "J6",
      "title": "Existing build/run remains functional",
      "points": 1,
      "scoring": {
        "1": "Meets the requirement exactly and behavior is correct in gameplay/tests.",
        "0": "Missing/incorrect/ambiguous."
      },
      "evidence_to_check": [
        "Project compiles and runs with existing commands (e.g., gradle/maven/java).",
        "No broken imports or missing dependencies introduced."
      ],
      "common_failures": [
        "Compilation errors.",
        "Runtime errors introduced."
      ]
    },
    {
      "id": "J7",
      "title": "Tests added or updated to cover new rules (if test framework exists)",
      "points": 1,
      "scoring": {
        "1": "Meets the requirement exactly and behavior is correct in gameplay/tests.",
        "0": "Missing/incorrect/ambiguous."
      },
      "evidence_to_check": [
        "There is at least one test that asserts 4-in-a-row => win and 3-in-a-row (without 4) => loss.",
        "Tests cover at least one non-horizontal direction."
      ],
      "common_failures": [
        "No tests when repo already had tests.",
        "Tests exist but do not cover the new loss rule."
      ]
    },
    {
      "id": "J8",
      "title": "No hard-coded assumptions that break existing configuration",
      "points": 1,
      "scoring": {
        "1": "Meets the requirement exactly and behavior is correct in gameplay/tests.",
        "0": "Missing/incorrect/ambiguous."
      },
      "evidence_to_check": [
        "Uses existing board size / winning check mechanisms; does not hard-code unrelated constants that conflict with current game settings."
      ],
      "common_failures": [
        "Hard-codes board size or player count without justification."
      ]
    },
    {
      "id": "J9",
      "title": "Code quality: minimal, consistent changes",
      "points": 1,
      "scoring": {
        "1": "Meets the requirement exactly and behavior is correct in gameplay/tests.",
        "0": "Missing/incorrect/ambiguous."
      },
      "evidence_to_check": [
        "Changes are localized, follow existing style, and avoid unnecessary refactors.",
        "Uses clear method names and avoids duplication in line-checking logic."
      ],
      "common_failures": [
        "Large unrelated refactor.",
        "Duplicated direction-check code when helpers exist."
      ]
    }
  ],
  "total_points": 9,
  "grading_notes": [
    "Binary scoring per item (0/1). Total is the sum.",
    "If the repo lacks a test framework, the tester may verify behavior manually; otherwise prefer tests."
  ],
  "llm_execution_prompt": "You are given a Java code repository for a grid-based game.\n\nTask:\nModify the game rules such that a player wins by making 4 in a row, but loses if they make a 3 in a row before doing so.\n\nClarifications to remove ambiguity:\n- If a move creates 4-in-a-row, the player wins even though that includes 3-in-a-row as a subset.\n- If a move creates any 3-in-a-row and does not create any 4-in-a-row, the player loses immediately.\n- Check all directions supported by the game (horizontal/vertical/diagonals).\n\nRequirements:\n- Keep existing public APIs/UI stable unless you also update callers.\n- Ensure the project compiles and runs.\n- Add/update tests if the repository already has a test setup.\n\nDeliverables:\n- Provide changed code files and updated tests (if applicable).\n- Briefly explain what you changed and how to run/verify."
}