{
  "task_id": "b281576d-6ca8-419f-aaba-815ab63368f5",
  "prompt_id": "4cb35934-f109-571c-af2f-00c34b3e2f96",
  "category": "Code Creation | Code Modification",
  "prog_lang": "Python | JavaScript",
  "task_prompt": "Introduce weather conditions into the simulation on a per-city basis. Rain should increase effects of congestion, snow results in doubled transit times, and heatwaves increase the amount of roadworks. These should vary dynamically throughout the day.",
  "language_requirement": "All rubric text must be in English.",
  "rubric": [
    {
      "id": "W1",
      "title": "Per-city weather state exists",
      "points": 1,
      "scoring": {
        "1": "Meets the requirement exactly as described in the prompt and evidence is observable.",
        "0": "Missing, incorrect, or not verifiable from the code/run artifacts."
      },
      "evidence_to_check": [
        "There is a weather state tracked for each city (e.g., city.weather or weather_by_city[city_id]).",
        "At least three weather types are represented: rain, snow, heatwave (names may vary)."
      ],
      "common_failures": [
        "Single global weather variable for all cities.",
        "Weather hard-coded for one city only.",
        "Weather types missing or merged into one."
      ]
    },
    {
      "id": "W2",
      "title": "Weather varies dynamically throughout the day",
      "points": 1,
      "scoring": {
        "1": "Meets the requirement exactly as described in the prompt and evidence is observable.",
        "0": "Missing, incorrect, or not verifiable from the code/run artifacts."
      },
      "evidence_to_check": [
        "Weather changes with time (e.g., hourly/day-cycle), not a single constant value.",
        "Logic clearly supports different weather at different timestamps within the same simulated day."
      ],
      "common_failures": [
        "Weather picked once at startup and never changes.",
        "Weather only changes between days, not 'throughout the day'."
      ]
    },
    {
      "id": "W3",
      "title": "Rain increases effects of congestion (not base congestion itself)",
      "points": 1,
      "scoring": {
        "1": "Meets the requirement exactly as described in the prompt and evidence is observable.",
        "0": "Missing, incorrect, or not verifiable from the code/run artifacts."
      },
      "evidence_to_check": [
        "When weather is rain for a city/time, the congestion impact on travel time or throughput is multiplied/increased relative to the same base congestion level.",
        "Implementation applies only under rain and only to congestion effect (not unrelated metrics)."
      ],
      "common_failures": [
        "Adds random noise without tying to congestion effect.",
        "Changes congestion value but not its effect, or changes unrelated metrics only."
      ]
    },
    {
      "id": "W4",
      "title": "Snow doubles transit times",
      "points": 1,
      "scoring": {
        "1": "Meets the requirement exactly as described in the prompt and evidence is observable.",
        "0": "Missing, incorrect, or not verifiable from the code/run artifacts."
      },
      "evidence_to_check": [
        "When weather is snow for a city/time, computed transit time for that city is exactly 2× the non-snow transit time under the same conditions (before/after comparison in code)."
      ],
      "common_failures": [
        "Uses a non-2x factor (e.g., +100% sometimes).",
        "Applies to the wrong metric (e.g., congestion) instead of transit time."
      ]
    },
    {
      "id": "W5",
      "title": "Heatwaves increase the amount of roadworks",
      "points": 1,
      "scoring": {
        "1": "Meets the requirement exactly as described in the prompt and evidence is observable.",
        "0": "Missing, incorrect, or not verifiable from the code/run artifacts."
      },
      "evidence_to_check": [
        "When weather is heatwave for a city/time, roadworks frequency or roadworks count is increased relative to the same baseline (e.g., higher probability, more events, longer duration)."
      ],
      "common_failures": [
        "Only changes travel time but not roadworks.",
        "Applies globally, not per-city/time."
      ]
    },
    {
      "id": "W6",
      "title": "Effects are scoped per city and can differ across cities at the same time",
      "points": 1,
      "scoring": {
        "1": "Meets the requirement exactly as described in the prompt and evidence is observable.",
        "0": "Missing, incorrect, or not verifiable from the code/run artifacts."
      },
      "evidence_to_check": [
        "It is possible for City A to be in rain while City B is in snow/clear at the same timestamp (structure supports this)."
      ],
      "common_failures": [
        "Single weather for all cities.",
        "Weather is derived from time only and thus identical for all cities."
      ]
    },
    {
      "id": "W7",
      "title": "No regressions: app/simulation still runs",
      "points": 1,
      "scoring": {
        "1": "Meets the requirement exactly as described in the prompt and evidence is observable.",
        "0": "Missing, incorrect, or not verifiable from the code/run artifacts."
      },
      "evidence_to_check": [
        "Project starts/runs with existing run command(s) (e.g., make, docker, python entrypoint) without crashes.",
        "No obvious syntax/import errors; unit tests (if present) pass or are updated accordingly."
      ],
      "common_failures": [
        "Breaking import paths / circular imports.",
        "Unhandled edge cases (missing city id, None weather) causing crashes."
      ]
    },
    {
      "id": "W8",
      "title": "Deterministic or configurable behavior for reproducibility",
      "points": 1,
      "scoring": {
        "1": "Meets the requirement exactly as described in the prompt and evidence is observable.",
        "0": "Missing, incorrect, or not verifiable from the code/run artifacts."
      },
      "evidence_to_check": [
        "Weather generation uses a seedable RNG or a configurable schedule so results can be reproduced during evaluation (e.g., environment variable, config file, fixed schedule)."
      ],
      "common_failures": [
        "Purely random weather with no seeding/config—difficult to reproduce.",
        "Weather changes too frequently/chaotically with no clear rule."
      ]
    },
    {
      "id": "W9",
      "title": "Documentation / comments explain the new behavior",
      "points": 1,
      "scoring": {
        "1": "Meets the requirement exactly as described in the prompt and evidence is observable.",
        "0": "Missing, incorrect, or not verifiable from the code/run artifacts."
      },
      "evidence_to_check": [
        "README or inline comments explain: (a) what the weather system is, (b) how it changes through the day, (c) what each weather does (rain/congestion, snow/2x transit, heatwave/roadworks)."
      ],
      "common_failures": [
        "No explanation; reviewers must infer behavior from code only."
      ]
    }
  ],
  "total_points": 9,
  "grading_notes": [
    "Score each item independently (0 or 1). Total score is the sum.",
    "When evidence cannot be verified from code and/or runnable artifacts, score 0."
  ],
  "llm_execution_prompt": "You are given a code repository. Implement the requested feature by editing the existing codebase.\n\nTask:\nIntroduce weather conditions into the simulation on a per-city basis.\n- Rain should increase the effects of congestion.\n- Snow should result in doubled transit times.\n- Heatwaves should increase the amount of roadworks.\n- These should vary dynamically throughout the day.\n\nRequirements:\n- Weather must be tracked per city (not globally).\n- Weather must change over time within a simulated day (e.g., hourly schedule or time-step updates).\n- Keep the existing public interfaces stable unless you also update callers/tests.\n- Ensure the project still runs (and tests pass if the repo has tests).\n- Prefer deterministic/configurable weather generation (seed or config) so results are reproducible.\n- Update README or add concise comments explaining the new weather system and its effects.\n\nDeliverables:\n- Provide the changed/added code files.\n- Briefly describe where the changes were made and how to run/verify."
}