task,rubric_version,item_id,item_title,human_score,model1_score,model2_score,model3_score,notes
OSRSTracker_weather,v1,W1,Per-city weather state exists,,,,,
OSRSTracker_weather,v1,W2,Weather varies dynamically throughout the day,,,,,
OSRSTracker_weather,v1,W3,Rain increases effects of congestion (not base congestion itself),,,,,
OSRSTracker_weather,v1,W4,Snow doubles transit times,,,,,
OSRSTracker_weather,v1,W5,Heatwaves increase the amount of roadworks,,,,,
OSRSTracker_weather,v1,W6,Effects are scoped per city and can differ across cities at the same time,,,,,
OSRSTracker_weather,v1,W7,No regressions: app/simulation still runs,,,,,
OSRSTracker_weather,v1,W8,Deterministic or configurable behavior for reproducibility,,,,,
OSRSTracker_weather,v1,W9,Documentation / comments explain the new behavior,,,,,
AntiTicTacToe_java,v1,J1,Win condition changed to 4-in-a-row,,,,,
AntiTicTacToe_java,v1,J2,Lose condition: making 3-in-a-row before making 4 causes an immediate loss,,,,,
AntiTicTacToe_java,v1,J3,Priority rule is unambiguous and correct,,,,,
AntiTicTacToe_java,v1,J4,All directions and overlaps handled correctly,,,,,
AntiTicTacToe_java,v1,J5,Game loop ends correctly on win/loss,,,,,
AntiTicTacToe_java,v1,J6,Existing build/run remains functional,,,,,
AntiTicTacToe_java,v1,J7,Tests added or updated to cover new rules (if test framework exists),,,,,
AntiTicTacToe_java,v1,J8,No hard-coded assumptions that break existing configuration,,,,,
AntiTicTacToe_java,v1,J9,"Code quality: minimal, consistent changes",,,,,
